run,epsilon,mean_QFT2,cov_QFT2,mean_VB,cov_VB,mean_EP,cov_EP,mean_Laplace,cov_Laplace,mean_OracleSampling,cov_OracleSampling
0,0.01,1.5976321203730473e-07,5.991258387807377e-07,3.636715374423354e-05,0.46099028542230686,0.027726156570179402,0.03284154360508193,0.0006765822633638115,0.0009204619863557259,0.028312619965441287,0.18214109707341902
0,0.02,1.2629659332955362e-06,4.668336783945386e-06,7.318254600437953e-05,0.4609696332498618,0.05330461289234372,0.06339172609257133,0.0013344274040953744,0.00181513095657146,0.02604085531433892,0.18101486173686698
0,0.04,9.871179224109884e-06,3.5468394270621996e-05,0.00013243567816022364,0.46093470492765326,0.09896777566211137,0.11852113218491012,0.002596816809087191,0.0035311440707412886,0.02131728950912074,0.18598418561942995
0,0.07,5.1153665563841897e-05,0.00017639218352632138,0.0002130515861272228,0.4608868888812688,0.1564608841449007,0.1889676267843557,0.004367111651977511,0.005935715356063685,0.026031124069836892,0.1875652579825686
0,0.1,0.00014441246364812978,0.0004786125062720565,0.00029265211710709444,0.4608431467556769,0.20393259256277785,0.2479429016703402,0.00600367815707009,0.008156709139389368,0.025157323683815104,0.18378608077900835
0,0.16,0.0005568148686270903,0.0017116017521543797,0.000420982530969917,0.46077027908123613,0.2779780183120526,0.34117987275336564,0.008929584266102809,0.012122813904531226,0.021136902142395792,0.1862697616042658
0,0.25,0.001956479328621196,0.005419618250165633,0.0005698599352631614,0.46068242122750286,0.3561116363833655,0.44069988582295055,0.012609526611908504,0.017102484354481667,0.026834064157385294,0.1855063588538141
0,0.36,0.005344206592997163,0.013192629163336973,0.0007013167174895042,0.46060675612654034,0.42106851967346315,0.5236140322377797,0.01622730578694253,0.02198868713585565,0.021096853429218677,0.18575893766748955
1,0.01,1.57855029904627e-07,5.774856024529016e-07,3.990655189444212e-05,0.46103354393134033,0.025064885461200642,0.03229116520205144,0.0007419262985793169,0.0008908748657460994,0.017900265096732745,0.18462466253017842
1,0.02,1.2480250070295855e-06,4.501093836888687e-06,7.753580246916459e-05,0.4610566090016495,0.04835474808673501,0.0623746032794751,0.0014634549904626575,0.0017561981286783207,0.021719466524593764,0.18606736202619079
1,0.04,9.756554404118769e-06,3.421757648486457e-05,0.0001424171653031756,0.46110008026537846,0.09033537634019591,0.1167678773068861,0.0028484687350842533,0.0034143108584251004,0.022132109216133056,0.18102188284076096
1,0.07,5.057525733005257e-05,0.00017030735576999248,0.0002423988219630617,0.46116525573959505,0.143939477528781,0.1864605818204498,0.004791664968447312,0.005734202579448946,0.01758189382657496,0.18698334664818608
1,0.1,0.00014282011702352246,0.00046243518339138246,0.0003265353785954684,0.4612333334670873,0.18883869356465016,0.24495256281683744,0.006589072026632415,0.007873336942665562,0.022221949865181674,0.18628063250328017
1,0.16,0.0005509536564846171,0.0016558058858060158,0.0004644728039660281,0.4613362541424095,0.260038819803277,0.3376679761614891,0.009805007459559437,0.011684669134943917,0.02035742903446851,0.18451018451107384
1,0.25,0.0019371077168029293,0.005250666349646317,0.0006213748156452329,0.4614862337645159,0.3367081992934579,0.43691135482525717,0.01385442577761151,0.016454703468119097,0.01665568840930399,0.18373911020808953
1,0.36,0.005294553785497703,0.01279829251867863,0.0007588582199774053,0.4616487948282894,0.401611475637518,0.5197819263879291,0.017840836929894358,0.021119067115179104,0.01651895156484422,0.19011503077004716
2,0.01,1.5821250350669756e-07,5.899978349606769e-07,4.533850879233351e-05,0.46098115096718956,0.028385341759827407,0.03244857995596737,0.0007957021166549436,0.0009057917123846418,0.022136702618351458,0.18717851315929962
2,0.02,1.2508226690586171e-06,4.597833565601969e-06,9.252846995016188e-05,0.46095421386450475,0.05458460328383341,0.06268066126558912,0.0015695778458401032,0.0017857607421230101,0.023119002524495315,0.18941920431586576
2,0.04,9.77799810991606e-06,3.494169120742746e-05,0.0001689649580108375,0.4609024899871038,0.1013735830325734,0.11734574840187979,0.0030552123363015373,0.003472368384474493,0.02126413451639362,0.18574964767692173
2,0.07,5.068332570082523e-05,0.00017383404840126085,0.00028801476823435635,0.46083327789406775,0.16028108123359008,0.18737413097791314,0.005139887918840363,0.005833075998409287,0.023242923017023704,0.18475862566780946
2,0.1,0.00014311727392662827,0.0004718216235049721,0.00038778135931259527,0.46077289452541703,0.20888428024376757,0.24612040186996376,0.007068480525488668,0.008010821764926908,0.02347868772865581,0.18777723829534373
2,0.16,0.0005520451243722983,0.0016882446844487524,0.0005541843815828211,0.46067648709613734,0.2845615535390772,0.339160173790837,0.010519907954535933,0.011893249344883018,0.022831652911433638,0.18609009666721907
2,0.25,0.0019407053935334203,0.005349149148245768,0.0007565310191379542,0.4605479693017817,0.3641535106934677,0.4386215739588703,0.014867270194029518,0.016756352889113164,0.024821380577990035,0.18707437133107857
2,0.36,0.005303750830460749,0.01302877593658567,0.0009305703934594251,0.46044325075322895,0.43005053374438396,0.5215677444397959,0.01914853622512716,0.021516009449850708,0.023745549560533097,0.18558088078204774
3,0.01,1.5500617407958528e-07,5.72698919634475e-07,4.6479182954929696e-05,0.46091991839647095,0.030737532594887124,0.03153981900592632,0.00079598127477043,0.0008896832650093416,0.01676307219851296,0.18544111122634926
3,0.02,1.2257130445803343e-06,4.464266364732001e-06,9.216361802102776e-05,0.46083388026216254,0.05919031693267135,0.060990869397064516,0.0015703988853117007,0.001753864244775818,0.017055159591844584,0.18381555393384155
3,0.04,9.585297283482152e-06,3.394452218368652e-05,0.00017262746465716578,0.4606693028623126,0.11020070938756545,0.11454022490465385,0.003057831146546855,0.003409836203874785,0.018343044678367615,0.18595438039351406
3,0.07,4.971049412247825e-05,0.00016899531455669454,0.00028762811959877306,0.460444876838959,0.1746293266932297,0.1836162943194385,0.005146742854992935,0.005726859304629487,0.01721243681310365,0.1900213682126543
3,0.1,0.00014043796423657075,0.0004589871170431161,0.0003882775052926695,0.4602453791635035,0.2277973428222479,0.24189149072106228,0.007081083268234829,0.007863507387826575,0.020134761201152523,0.1877496531205542
3,0.16,0.0005421756171080213,0.0016441629192469308,0.000560741311792707,0.4598812176861398,0.31022960967545843,0.3346128847492496,0.010547349838394678,0.011670882693770842,0.017789226232106763,0.18770358941132353
3,0.25,0.0019080560470009268,0.005216375921110604,0.0007641053198335885,0.4594604343003134,0.3959273105977271,0.4340841597736183,0.014922151483726758,0.016437058323243155,0.014685922888179919,0.18370276553245127
3,0.36,0.005219990023393823,0.012720533746547542,0.0009473231064599256,0.45907119194247803,0.46568772021769483,0.5171875985234183,0.019240637421277473,0.021099170816853672,0.016557846338494022,0.1857332826079433
4,0.01,1.5875752916745077e-07,5.893572433187484e-07,3.794607092731122e-05,0.46099782924640514,0.027680044270613338,0.032571435970468306,0.00069230518219092,0.000909529807565035,0.019179380826954372,0.18225287412006694
4,0.02,1.2550908581457544e-06,4.592810322150494e-06,7.387993160664904e-05,0.460986136571201,0.053212901967786566,0.06290055023995739,0.0013654965335666487,0.001793423517476368,0.019930519235156957,0.18114961392193102
4,0.04,9.810753076967852e-06,3.490307427248195e-05,0.00014009439584985103,0.4609640520055687,0.09879120647925903,0.1176964569932278,0.0026574986700243254,0.0034883597289041973,0.02258266380743688,0.18521699904034086
4,0.07,5.0848681119905416e-05,0.00017363896262616692,0.00022827800654644784,0.46093585067009946,0.1561817153992239,0.1878207383643888,0.004469688115132623,0.005862499961886788,0.01853031044921707,0.1867592743576055
4,0.1,0.00014357267375262155,0.00047128496294487063,0.00031309610321136443,0.4609158428146136,0.20358374410177943,0.24659931356897855,0.0061453729311587825,0.008054467739899424,0.02226932895353565,0.18052785597422674
4,0.16,0.0005537225701746577,0.0016862804959795587,0.00044760499525482185,0.4608747179600061,0.2775729208082086,0.3396304695686334,0.009142168290684139,0.011966586251719665,0.02017059194388259,0.1879393120356248
4,0.25,0.0019462543416019235,0.005342755019990639,0.000606356636356559,0.4608335688308254,0.35574876022552937,0.4390382732345392,0.012913057424476983,0.016874663265642593,0.019633994502838193,0.18600168300603773
4,0.36,0.005317986084466102,0.013012775446526617,0.0007461951422411914,0.4608055782316232,0.42083642751792216,0.5219255148022195,0.016622266116758915,0.021686633719668266,0.01852832321509191,0.18454320340194577
5,0.01,1.5474327012593717e-07,5.695441689757583e-07,4.204311556607005e-05,0.46104796441609974,0.024221383962946846,0.03201197492544034,0.0007683631448724814,0.0008745900438303902,0.01726514015524931,0.18348729074612524
5,0.02,1.2236506123314817e-06,4.440036978715144e-06,7.999316773562983e-05,0.4610844765572081,0.04681724209525639,0.061859264993872946,0.0015158811240971802,0.0017239637884949074,0.017791904906141104,0.18235438851087896
5,0.04,9.569416911262748e-06,3.376551435124444e-05,0.00015856288993080126,0.46115607668176495,0.08774293084082262,0.11588478042454199,0.0029515628075004294,0.003351157781084568,0.018121652274744812,0.18547595480453463
5,0.07,4.9629951595431104e-05,0.00016813986918752093,0.0002578016638103581,0.46125816772579253,0.14030801404278004,0.18521432985731556,0.004967603521364602,0.005627024446755003,0.01797876203369835,0.18366679460353977
5,0.1,0.00014021519081495565,0.000456751535885983,0.00034782998791056365,0.46135348544804755,0.18454097790937082,0.24348733947406348,0.006834253149862389,0.007724800630863799,0.01615171661162202,0.19267977480318715
5,0.16,0.0005413487516949967,0.0016366997897756337,0.0004991797785593041,0.46151044226337096,0.2549283958626945,0.3359904441079528,0.010178672809240978,0.011460729312332657,0.018773706242558884,0.18344473873599557
5,0.25,0.0019052945917065478,0.005194773725063501,0.0006711313609907165,0.46172959680962,0.3308675010481489,0.43514719414630376,0.014398580051917017,0.01613355920710531,0.019030856798180118,0.1868980542492572
5,0.36,0.005212839596269809,0.01267256978679738,0.0008183262402995227,0.4619527149554768,0.39514592025226897,0.5180271987467812,0.018562772170265966,0.02070021623196389,0.02100807223622244,0.18905504428844963
6,0.01,1.5567446740910878e-07,5.853098837508337e-07,4.019181319174365e-05,0.4610539894648336,0.023230896848929893,0.032549496524928015,0.0007327922245119824,0.0008921138668893717,0.01955038482704035,0.18814700450137137
6,0.02,1.2309540259479823e-06,4.561905729172512e-06,7.619214604817422e-05,0.4610975951815552,0.044848230727918395,0.06284170484357744,0.0014455546773910171,0.0017589237626896852,0.02365869130119531,0.1850211582538926
6,0.04,9.625627558392034e-06,3.4677313442580756e-05,0.00014841493917899752,0.4611790555855556,0.08389459441309524,0.11754289477031624,0.002814064400174066,0.003420671150009675,0.025545681181209607,0.18194777396536074
6,0.07,4.991486968041038e-05,0.00017257737433016575,0.0002473279418954277,0.4612932945373346,0.13391459025633384,0.18751905479022282,0.004734824876654028,0.0057474026105523235,0.024838832420979402,0.18561952373885945
6,0.1,0.00014100280916318612,0.0004685527481357351,0.0003303692093383378,0.46139874763203503,0.17596861824073565,0.24617162756238287,0.0065122328232667115,0.00789468582484955,0.02216577573649396,0.18311805046024274
6,0.16,0.0005442692456116017,0.0016774142732982902,0.00047393600269783436,0.4615837833615769,0.2430025222569785,0.3390353164783331,0.009694215373295324,0.011725016057054225,0.018468647764862022,0.18393209470092864
6,0.25,0.001915035994616774,0.00531804648542538,0.000637861593960208,0.4618051163677007,0.31577363471973763,0.4383412327829707,0.013704295810220729,0.016527166944549587,0.02469768920077894,0.18575120900394249
6,0.36,0.0052380332350463795,0.01296009956008652,0.0007788293218232287,0.4620259472441645,0.37798922035198895,0.5212171245824313,0.017655840590010092,0.02123227945676284,0.02067129018418351,0.18604662962315113
7,0.01,1.5611814870808953e-07,5.843813550701178e-07,3.723566936015764e-05,0.4610176768392296,0.024479048928227273,0.03250157623167783,0.0006809873017638147,0.0009014739055244308,0.018722314510215016,0.18409007792192883
7,0.02,1.2344221446392308e-06,4.554547949989201e-06,7.398260252183808e-05,0.4610269380494446,0.047166588143938606,0.06276160980050549,0.001343331380761264,0.0017776359972145632,0.021060992675100997,0.1837447109114388
7,0.04,9.652147871884129e-06,3.461968473057386e-05,0.0001403114142169989,0.4610424148461071,0.0879241286595395,0.11742885331704152,0.0026149522865173843,0.0034580161039799067,0.019799384354495193,0.1877621001266323
7,0.07,5.004807891014097e-05,0.00017227939422735875,0.00023039675989408291,0.461061265764251,0.13972125505167204,0.18739319059227938,0.004399524063323047,0.005812370403534381,0.020709648676387808,0.18292089788409313
7,0.1,0.00014136796140809565,0.0004677174363326769,0.00031538104884379467,0.4610866091798027,0.18291136763639623,0.24605096093884796,0.0060506806196553575,0.007986705720198656,0.018521756933878353,0.18705999476571591
7,0.16,0.0005456029430038271,0.001674269300980929,0.0004553206637423996,0.46112957162163415,0.25108948095543904,0.33892905078990876,0.00900603491984618,0.011868911392940695,0.02138801528616236,0.18709473771764706
7,0.25,0.0019194005217185318,0.005307524502933246,0.0006118802133561255,0.4611835780635082,0.3242054614633215,0.43823561149080265,0.01272922298413373,0.016742404051205688,0.020577336373340027,0.18160936249808643
7,0.36,0.0052491101410391625,0.012933249605574336,0.0007580975881101094,0.4612372042423705,0.38602935105914704,0.5210907190371025,0.016396386289114502,0.02152385312816281,0.021362992655946333,0.19055735443235464
8,0.01,1.5766710443370886e-07,5.956807143750812e-07,4.3008663752916636e-05,0.4610195431230791,0.020804209489288888,0.03280684319176153,0.0007135474847182648,0.0009084746721399709,0.025978245435265983,0.18462585944813545
8,0.02,1.2465551951760501e-06,4.641903488507499e-06,8.053213561838712e-05,0.4610264212381837,0.04032894855710389,0.06331028728048489,0.0014074114328908437,0.0017912868841094066,0.023770801709362317,0.18533735847260108
8,0.04,9.745302221404765e-06,3.5273457586438046e-05,0.00015259037806441788,0.4610415776597479,0.07600183569142352,0.11833361703172678,0.00273914368259148,0.0034840024899074297,0.02359134703537323,0.18600933742101666
8,0.07,5.0518647805018585e-05,0.00017546278635467266,0.00025492390170338763,0.46106678946248,0.1224624473703608,0.18863052714255346,0.004607208693789967,0.005854732998560824,0.025443955715846053,0.18511127832233193
8,0.1,0.0001426647053944135,0.0004761883287924422,0.0003422822986857381,0.46108774617020704,0.16217636790592352,0.24748856806774278,0.006334753195476499,0.008043275682571755,0.02505721250674182,0.1852130995357124
8,0.16,0.0005503844618801063,0.0017035318978326451,0.0004931564803363841,0.46113709095778255,0.2266647813729336,0.3405824472773536,0.009424887058793109,0.011948728107308088,0.02633764480339915,0.18507590525168258
8,0.25,0.0019352383829145158,0.005396313443213186,0.0006584283226835463,0.4611956236746506,0.2981995231180691,0.44002412705153104,0.013314637605754822,0.016847696120068693,0.02311417291639958,0.1889760681206387
8,0.36,0.005289792352254818,0.013140914807045588,0.0008054533916935731,0.4612596972835396,0.3604659382570747,0.5229316053153105,0.017142790015985683,0.021650279061764203,0.026941517376958,0.18471326650932743
9,0.01,1.5751850280327881e-07,5.879057966276998e-07,4.1161648936297854e-05,0.4610175478638199,0.024301471602163175,0.03258051925303838,0.0007325169543323294,0.0009035009667971434,0.017187279972093215,0.18616849154499626
9,0.02,1.2453887494719171e-06,4.581752792744651e-06,7.8250820062072e-05,0.46102198065532957,0.046890045775272546,0.06290118209721093,0.0014449102531169094,0.0017814701799232257,0.02136334159863636,0.1847189017022596
9,0.04,9.736310624942539e-06,3.482267742352732e-05,0.00015004545899899657,0.46103334166520415,0.08763086505552571,0.11765358407117515,0.002812432206635996,0.003464872470781191,0.02022092280219626,0.1828113779899194
9,0.07,5.0472972574790554e-05,0.00017326369038795747,0.00024591020906261537,0.46104964085963007,0.13970594020871546,0.1876955822405018,0.0047311911094377245,0.005822498272697894,0.01908485740548038,0.1861066514785837
9,0.1,0.0001425381918320528,0.00047032654386180495,0.0003316752882387889,0.46106997487973794,0.18337739044125248,0.24640230169177987,0.006506110637183991,0.007998879756410381,0.025528820711573023,0.18476986064005665
9,0.16,0.0005499137114504305,0.0016832208725057415,0.0004743924814363022,0.46110411874954316,0.2527400477473354,0.33934243139795506,0.00968211833527158,0.011882479516954366,0.0199266555282913,0.18860521613818043
9,0.25,0.0019336614470563678,0.005334453126239794,0.0006389405011901879,0.46115619063594787,0.32760114131353985,0.43870266635626654,0.013681890986261196,0.016753770001292394,0.02236876924615462,0.18176477434516417
9,0.36,0.005285697269414497,0.012995699960388202,0.000782163587086589,0.4612154859197974,0.39114573629365096,0.5215907729132649,0.017620214650295323,0.021528954164717357,0.021743307520133193,0.18958621587120647
